Location	Sample Name	N labels	Nextera_PCR_primers_fwd	i7 Fwd /index/	Nextera-tail(fragmentation)	CO1forw	target sequence	CO1rev	S labels	Nextera_PCR_primers_rev	Rev /index/	Nextera-tail(fragmentation)
A1	sxm_2018_1_B	N701	CAAGCAGAAGACGGCATACGAGAT	TAAGGCGA	GTCTCGTGGGCTCGGAGATGTGTATAAGAGACAG	GCYCCYGAYATRGCYTTYCC	NA	TCDGGRTGNCCRAARAAYCA	S513	AATGATACGGCGACCACCGAGATCTACAC	TCGACTAG	TCGTCGGCAGCGTCAGATGTGTATAAGAGACAG
B1	sxm_2018_2_B	N701	CAAGCAGAAGACGGCATACGAGAT	TAAGGCGA	GTCTCGTGGGCTCGGAGATGTGTATAAGAGACAG	GCYCCYGAYATRGCYTTYCC	NA	TCDGGRTGNCCRAARAAYCA	S515	AATGATACGGCGACCACCGAGATCTACAC	TTCTAGCT	TCGTCGGCAGCGTCAGATGTGTATAAGAGACAG
C1	sxm_2018_3_B	N701	CAAGCAGAAGACGGCATACGAGAT	TAAGGCGA	GTCTCGTGGGCTCGGAGATGTGTATAAGAGACAG	GCYCCYGAYATRGCYTTYCC	NA	TCDGGRTGNCCRAARAAYCA	S516	AATGATACGGCGACCACCGAGATCTACAC	CCTAGAGT	TCGTCGGCAGCGTCAGATGTGTATAAGAGACAG
D1	sxm_2018_4_B	N701	CAAGCAGAAGACGGCATACGAGAT	TAAGGCGA	GTCTCGTGGGCTCGGAGATGTGTATAAGAGACAG	GCYCCYGAYATRGCYTTYCC	NA	TCDGGRTGNCCRAARAAYCA	S517	AATGATACGGCGACCACCGAGATCTACAC	GCGTAAGA	TCGTCGGCAGCGTCAGATGTGTATAAGAGACAG
E1	sxm_2018_5_B	N701	CAAGCAGAAGACGGCATACGAGAT	TAAGGCGA	GTCTCGTGGGCTCGGAGATGTGTATAAGAGACAG	GCYCCYGAYATRGCYTTYCC	NA	TCDGGRTGNCCRAARAAYCA	S518	AATGATACGGCGACCACCGAGATCTACAC	CTATTAAG	TCGTCGGCAGCGTCAGATGTGTATAAGAGACAG
F1	sxm_2018_6_B	N701	CAAGCAGAAGACGGCATACGAGAT	TAAGGCGA	GTCTCGTGGGCTCGGAGATGTGTATAAGAGACAG	GCYCCYGAYATRGCYTTYCC	NA	TCDGGRTGNCCRAARAAYCA	S520	AATGATACGGCGACCACCGAGATCTACAC	AAGGCTAT	TCGTCGGCAGCGTCAGATGTGTATAAGAGACAG
G1	sxm_2018_7_B	N701	CAAGCAGAAGACGGCATACGAGAT	TAAGGCGA	GTCTCGTGGGCTCGGAGATGTGTATAAGAGACAG	GCYCCYGAYATRGCYTTYCC	NA	TCDGGRTGNCCRAARAAYCA	S522	AATGATACGGCGACCACCGAGATCTACAC	GAGCCTTA	TCGTCGGCAGCGTCAGATGTGTATAAGAGACAG
H1	sxm_2018_8_B	N701	CAAGCAGAAGACGGCATACGAGAT	TAAGGCGA	GTCTCGTGGGCTCGGAGATGTGTATAAGAGACAG	GCYCCYGAYATRGCYTTYCC	NA	TCDGGRTGNCCRAARAAYCA	S522	AATGATACGGCGACCACCGAGATCTACAC	TTATGCGA	TCGTCGGCAGCGTCAGATGTGTATAAGAGACAG
A2	sxm_2018_9_B	N702	CAAGCAGAAGACGGCATACGAGAT	CGTACTAG	GTCTCGTGGGCTCGGAGATGTGTATAAGAGACAG	GCYCCYGAYATRGCYTTYCC	NA	TCDGGRTGNCCRAARAAYCA	S513	AATGATACGGCGACCACCGAGATCTACAC	TCGACTAG	TCGTCGGCAGCGTCAGATGTGTATAAGAGACAG
B2	sxm_2018_10_B	N702	CAAGCAGAAGACGGCATACGAGAT	CGTACTAG	GTCTCGTGGGCTCGGAGATGTGTATAAGAGACAG	GCYCCYGAYATRGCYTTYCC	NA	TCDGGRTGNCCRAARAAYCA	S515	AATGATACGGCGACCACCGAGATCTACAC	TTCTAGCT	TCGTCGGCAGCGTCAGATGTGTATAAGAGACAG
C2	sxm_2018_11_B	N702	CAAGCAGAAGACGGCATACGAGAT	CGTACTAG	GTCTCGTGGGCTCGGAGATGTGTATAAGAGACAG	GCYCCYGAYATRGCYTTYCC	NA	TCDGGRTGNCCRAARAAYCA	S516	AATGATACGGCGACCACCGAGATCTACAC	CCTAGAGT	TCGTCGGCAGCGTCAGATGTGTATAAGAGACAG
D2	sxm_2018_12_B	N702	CAAGCAGAAGACGGCATACGAGAT	CGTACTAG	GTCTCGTGGGCTCGGAGATGTGTATAAGAGACAG	GCYCCYGAYATRGCYTTYCC	NA	TCDGGRTGNCCRAARAAYCA	S517	AATGATACGGCGACCACCGAGATCTACAC	GCGTAAGA	TCGTCGGCAGCGTCAGATGTGTATAAGAGACAG
E2	sxm_2018_13_B	N702	CAAGCAGAAGACGGCATACGAGAT	CGTACTAG	GTCTCGTGGGCTCGGAGATGTGTATAAGAGACAG	GCYCCYGAYATRGCYTTYCC	NA	TCDGGRTGNCCRAARAAYCA	S518	AATGATACGGCGACCACCGAGATCTACAC	CTATTAAG	TCGTCGGCAGCGTCAGATGTGTATAAGAGACAG
F2	sxm_2018_14_B	N702	CAAGCAGAAGACGGCATACGAGAT	CGTACTAG	GTCTCGTGGGCTCGGAGATGTGTATAAGAGACAG	GCYCCYGAYATRGCYTTYCC	NA	TCDGGRTGNCCRAARAAYCA	S520	AATGATACGGCGACCACCGAGATCTACAC	AAGGCTAT	TCGTCGGCAGCGTCAGATGTGTATAAGAGACAG
G2	sxm_2018_15_B	N702	CAAGCAGAAGACGGCATACGAGAT	CGTACTAG	GTCTCGTGGGCTCGGAGATGTGTATAAGAGACAG	GCYCCYGAYATRGCYTTYCC	NA	TCDGGRTGNCCRAARAAYCA	S521	AATGATACGGCGACCACCGAGATCTACAC	GAGCCTTA	TCGTCGGCAGCGTCAGATGTGTATAAGAGACAG
H2	sxm_2018_16_B	N702	CAAGCAGAAGACGGCATACGAGAT	CGTACTAG	GTCTCGTGGGCTCGGAGATGTGTATAAGAGACAG	GCYCCYGAYATRGCYTTYCC	NA	TCDGGRTGNCCRAARAAYCA	S522	AATGATACGGCGACCACCGAGATCTACAC	TTATGCGA	TCGTCGGCAGCGTCAGATGTGTATAAGAGACAG
A3	sxm_2018_17_B	N703	CAAGCAGAAGACGGCATACGAGAT	AGGCAGAA	GTCTCGTGGGCTCGGAGATGTGTATAAGAGACAG	GCYCCYGAYATRGCYTTYCC	NA	TCDGGRTGNCCRAARAAYCA	S513	AATGATACGGCGACCACCGAGATCTACAC	TCGACTAG	TCGTCGGCAGCGTCAGATGTGTATAAGAGACAG
B3	sxm_2018_18_B	N703	CAAGCAGAAGACGGCATACGAGAT	AGGCAGAA	GTCTCGTGGGCTCGGAGATGTGTATAAGAGACAG	GCYCCYGAYATRGCYTTYCC	NA	TCDGGRTGNCCRAARAAYCA	S515	AATGATACGGCGACCACCGAGATCTACAC	TTCTAGCT	TCGTCGGCAGCGTCAGATGTGTATAAGAGACAG
C3	sxm_2018_19_B	N703	CAAGCAGAAGACGGCATACGAGAT	AGGCAGAA	GTCTCGTGGGCTCGGAGATGTGTATAAGAGACAG	GCYCCYGAYATRGCYTTYCC	NA	TCDGGRTGNCCRAARAAYCA	S516	AATGATACGGCGACCACCGAGATCTACAC	CCTAGAGT	TCGTCGGCAGCGTCAGATGTGTATAAGAGACAG
D3	sxm_2018_20_B	N703	CAAGCAGAAGACGGCATACGAGAT	AGGCAGAA	GTCTCGTGGGCTCGGAGATGTGTATAAGAGACAG	GCYCCYGAYATRGCYTTYCC	NA	TCDGGRTGNCCRAARAAYCA	S517	AATGATACGGCGACCACCGAGATCTACAC	GCGTAAGA	TCGTCGGCAGCGTCAGATGTGTATAAGAGACAG
E3	sxm_2018_21_B	N703	CAAGCAGAAGACGGCATACGAGAT	AGGCAGAA	GTCTCGTGGGCTCGGAGATGTGTATAAGAGACAG	GCYCCYGAYATRGCYTTYCC	NA	TCDGGRTGNCCRAARAAYCA	S518	AATGATACGGCGACCACCGAGATCTACAC	CTATTAAG	TCGTCGGCAGCGTCAGATGTGTATAAGAGACAG
F3	sxm_2018_22_B	N703	CAAGCAGAAGACGGCATACGAGAT	AGGCAGAA	GTCTCGTGGGCTCGGAGATGTGTATAAGAGACAG	GCYCCYGAYATRGCYTTYCC	NA	TCDGGRTGNCCRAARAAYCA	S520	AATGATACGGCGACCACCGAGATCTACAC	AAGGCTAT	TCGTCGGCAGCGTCAGATGTGTATAAGAGACAG
G3	sxm_2018_23_B	N703	CAAGCAGAAGACGGCATACGAGAT	AGGCAGAA	GTCTCGTGGGCTCGGAGATGTGTATAAGAGACAG	GCYCCYGAYATRGCYTTYCC	NA	TCDGGRTGNCCRAARAAYCA	S521	AATGATACGGCGACCACCGAGATCTACAC	GAGCCTTA	TCGTCGGCAGCGTCAGATGTGTATAAGAGACAG
H3	sxm_2018_24_B	N703	CAAGCAGAAGACGGCATACGAGAT	AGGCAGAA	GTCTCGTGGGCTCGGAGATGTGTATAAGAGACAG	GCYCCYGAYATRGCYTTYCC	NA	TCDGGRTGNCCRAARAAYCA	S522	AATGATACGGCGACCACCGAGATCTACAC	TTATGCGA	TCGTCGGCAGCGTCAGATGTGTATAAGAGACAG
A4	sxm_2018_25_B	N704	CAAGCAGAAGACGGCATACGAGAT	TCCTGAGC	GTCTCGTGGGCTCGGAGATGTGTATAAGAGACAG	GCYCCYGAYATRGCYTTYCC	NA	TCDGGRTGNCCRAARAAYCA	S513	AATGATACGGCGACCACCGAGATCTACAC	TCGACTAG	TCGTCGGCAGCGTCAGATGTGTATAAGAGACAG
B4	sxm_2018_26_B	N704	CAAGCAGAAGACGGCATACGAGAT	TCCTGAGC	GTCTCGTGGGCTCGGAGATGTGTATAAGAGACAG	GCYCCYGAYATRGCYTTYCC	NA	TCDGGRTGNCCRAARAAYCA	S515	AATGATACGGCGACCACCGAGATCTACAC	TTCTAGCT	TCGTCGGCAGCGTCAGATGTGTATAAGAGACAG
C4	sxm_2018_27_B	N704	CAAGCAGAAGACGGCATACGAGAT	TCCTGAGC	GTCTCGTGGGCTCGGAGATGTGTATAAGAGACAG	GCYCCYGAYATRGCYTTYCC	NA	TCDGGRTGNCCRAARAAYCA	S516	AATGATACGGCGACCACCGAGATCTACAC	CCTAGAGT	TCGTCGGCAGCGTCAGATGTGTATAAGAGACAG
D4	sxm_2018_28_B	N704	CAAGCAGAAGACGGCATACGAGAT	TCCTGAGC	GTCTCGTGGGCTCGGAGATGTGTATAAGAGACAG	GCYCCYGAYATRGCYTTYCC	NA	TCDGGRTGNCCRAARAAYCA	S517	AATGATACGGCGACCACCGAGATCTACAC	GCGTAAGA	TCGTCGGCAGCGTCAGATGTGTATAAGAGACAG
E4	sxm_2018_29_B	N704	CAAGCAGAAGACGGCATACGAGAT	TCCTGAGC	GTCTCGTGGGCTCGGAGATGTGTATAAGAGACAG	GCYCCYGAYATRGCYTTYCC	NA	TCDGGRTGNCCRAARAAYCA	S518	AATGATACGGCGACCACCGAGATCTACAC	CTATTAAG	TCGTCGGCAGCGTCAGATGTGTATAAGAGACAG
F4	sxm_2018_30_B	N704	CAAGCAGAAGACGGCATACGAGAT	TCCTGAGC	GTCTCGTGGGCTCGGAGATGTGTATAAGAGACAG	GCYCCYGAYATRGCYTTYCC	NA	TCDGGRTGNCCRAARAAYCA	S520	AATGATACGGCGACCACCGAGATCTACAC	AAGGCTAT	TCGTCGGCAGCGTCAGATGTGTATAAGAGACAG
G4	sxm_2018_31_B	N704	CAAGCAGAAGACGGCATACGAGAT	TCCTGAGC	GTCTCGTGGGCTCGGAGATGTGTATAAGAGACAG	GCYCCYGAYATRGCYTTYCC	NA	TCDGGRTGNCCRAARAAYCA	S521	AATGATACGGCGACCACCGAGATCTACAC	GAGCCTTA	TCGTCGGCAGCGTCAGATGTGTATAAGAGACAG
H4	sxm_2018_32_B	N704	CAAGCAGAAGACGGCATACGAGAT	TCCTGAGC	GTCTCGTGGGCTCGGAGATGTGTATAAGAGACAG	GCYCCYGAYATRGCYTTYCC	NA	TCDGGRTGNCCRAARAAYCA	S522	AATGATACGGCGACCACCGAGATCTACAC	TTATGCGA	TCGTCGGCAGCGTCAGATGTGTATAAGAGACAG
A5	sxm_2018_33_B	N705	CAAGCAGAAGACGGCATACGAGAT	GGACTCCT	GTCTCGTGGGCTCGGAGATGTGTATAAGAGACAG	GCYCCYGAYATRGCYTTYCC	NA	TCDGGRTGNCCRAARAAYCA	S513	AATGATACGGCGACCACCGAGATCTACAC	TCGACTAG	TCGTCGGCAGCGTCAGATGTGTATAAGAGACAG
B5	sxm_2018_34_B	N705	CAAGCAGAAGACGGCATACGAGAT	GGACTCCT	GTCTCGTGGGCTCGGAGATGTGTATAAGAGACAG	GCYCCYGAYATRGCYTTYCC	NA	TCDGGRTGNCCRAARAAYCA	S515	AATGATACGGCGACCACCGAGATCTACAC	TTCTAGCT	TCGTCGGCAGCGTCAGATGTGTATAAGAGACAG
C5	sxm_2018_35_B	N705	CAAGCAGAAGACGGCATACGAGAT	GGACTCCT	GTCTCGTGGGCTCGGAGATGTGTATAAGAGACAG	GCYCCYGAYATRGCYTTYCC	NA	TCDGGRTGNCCRAARAAYCA	S516	AATGATACGGCGACCACCGAGATCTACAC	CCTAGAGT	TCGTCGGCAGCGTCAGATGTGTATAAGAGACAG
D5	sxm_2018_36_B	N705	CAAGCAGAAGACGGCATACGAGAT	GGACTCCT	GTCTCGTGGGCTCGGAGATGTGTATAAGAGACAG	GCYCCYGAYATRGCYTTYCC	NA	TCDGGRTGNCCRAARAAYCA	S517	AATGATACGGCGACCACCGAGATCTACAC	GCGTAAGA	TCGTCGGCAGCGTCAGATGTGTATAAGAGACAG
E5	sxm_2018_37_B	N705	CAAGCAGAAGACGGCATACGAGAT	GGACTCCT	GTCTCGTGGGCTCGGAGATGTGTATAAGAGACAG	GCYCCYGAYATRGCYTTYCC	NA	TCDGGRTGNCCRAARAAYCA	S518	AATGATACGGCGACCACCGAGATCTACAC	CTATTAAG	TCGTCGGCAGCGTCAGATGTGTATAAGAGACAG
F5	sxm_2018_38_B	N705	CAAGCAGAAGACGGCATACGAGAT	GGACTCCT	GTCTCGTGGGCTCGGAGATGTGTATAAGAGACAG	GCYCCYGAYATRGCYTTYCC	NA	TCDGGRTGNCCRAARAAYCA	S520	AATGATACGGCGACCACCGAGATCTACAC	AAGGCTAT	TCGTCGGCAGCGTCAGATGTGTATAAGAGACAG
G5	sxm_2018_39_B	N705	CAAGCAGAAGACGGCATACGAGAT	GGACTCCT	GTCTCGTGGGCTCGGAGATGTGTATAAGAGACAG	GCYCCYGAYATRGCYTTYCC	NA	TCDGGRTGNCCRAARAAYCA	S521	AATGATACGGCGACCACCGAGATCTACAC	GAGCCTTA	TCGTCGGCAGCGTCAGATGTGTATAAGAGACAG
H5	sxm_2018_40_B	N705	CAAGCAGAAGACGGCATACGAGAT	GGACTCCT	GTCTCGTGGGCTCGGAGATGTGTATAAGAGACAG	GCYCCYGAYATRGCYTTYCC	NA	TCDGGRTGNCCRAARAAYCA	S522	AATGATACGGCGACCACCGAGATCTACAC	TTATGCGA	TCGTCGGCAGCGTCAGATGTGTATAAGAGACAG
A6	sxm_2018_41_B	N706	CAAGCAGAAGACGGCATACGAGAT	TAGGCATG	GTCTCGTGGGCTCGGAGATGTGTATAAGAGACAG	GCYCCYGAYATRGCYTTYCC	NA	TCDGGRTGNCCRAARAAYCA	S513	AATGATACGGCGACCACCGAGATCTACAC	TCGACTAG	TCGTCGGCAGCGTCAGATGTGTATAAGAGACAG
B6	sxm_2018_42_B	N706	CAAGCAGAAGACGGCATACGAGAT	TAGGCATG	GTCTCGTGGGCTCGGAGATGTGTATAAGAGACAG	GCYCCYGAYATRGCYTTYCC	NA	TCDGGRTGNCCRAARAAYCA	S515	AATGATACGGCGACCACCGAGATCTACAC	TTCTAGCT	TCGTCGGCAGCGTCAGATGTGTATAAGAGACAG
C6	sxm_2018_43_B	N706	CAAGCAGAAGACGGCATACGAGAT	TAGGCATG	GTCTCGTGGGCTCGGAGATGTGTATAAGAGACAG	GCYCCYGAYATRGCYTTYCC	NA	TCDGGRTGNCCRAARAAYCA	S516	AATGATACGGCGACCACCGAGATCTACAC	CCTAGAGT	TCGTCGGCAGCGTCAGATGTGTATAAGAGACAG
D6	sxm_2018_44_B	N706	CAAGCAGAAGACGGCATACGAGAT	TAGGCATG	GTCTCGTGGGCTCGGAGATGTGTATAAGAGACAG	GCYCCYGAYATRGCYTTYCC	NA	TCDGGRTGNCCRAARAAYCA	S517	AATGATACGGCGACCACCGAGATCTACAC	GCGTAAGA	TCGTCGGCAGCGTCAGATGTGTATAAGAGACAG
E6	sxm_2018_45_B	N706	CAAGCAGAAGACGGCATACGAGAT	TAGGCATG	GTCTCGTGGGCTCGGAGATGTGTATAAGAGACAG	GCYCCYGAYATRGCYTTYCC	NA	TCDGGRTGNCCRAARAAYCA	S518	AATGATACGGCGACCACCGAGATCTACAC	CTATTAAG	TCGTCGGCAGCGTCAGATGTGTATAAGAGACAG
F6	sxm_2018_46_B	N706	CAAGCAGAAGACGGCATACGAGAT	TAGGCATG	GTCTCGTGGGCTCGGAGATGTGTATAAGAGACAG	GCYCCYGAYATRGCYTTYCC	NA	TCDGGRTGNCCRAARAAYCA	S520	AATGATACGGCGACCACCGAGATCTACAC	AAGGCTAT	TCGTCGGCAGCGTCAGATGTGTATAAGAGACAG
G6	sxm_2018_47_B	N706	CAAGCAGAAGACGGCATACGAGAT	TAGGCATG	GTCTCGTGGGCTCGGAGATGTGTATAAGAGACAG	GCYCCYGAYATRGCYTTYCC	NA	TCDGGRTGNCCRAARAAYCA	S521	AATGATACGGCGACCACCGAGATCTACAC	GAGCCTTA	TCGTCGGCAGCGTCAGATGTGTATAAGAGACAG
H6	sxm_2018_48_B	N706	CAAGCAGAAGACGGCATACGAGAT	TAGGCATG	GTCTCGTGGGCTCGGAGATGTGTATAAGAGACAG	GCYCCYGAYATRGCYTTYCC	NA	TCDGGRTGNCCRAARAAYCA	S522	AATGATACGGCGACCACCGAGATCTACAC	TTATGCGA	TCGTCGGCAGCGTCAGATGTGTATAAGAGACAG
A7	sxm_2018_49_B	N707	CAAGCAGAAGACGGCATACGAGAT	CTCTCTAC	GTCTCGTGGGCTCGGAGATGTGTATAAGAGACAG	GCYCCYGAYATRGCYTTYCC	NA	TCDGGRTGNCCRAARAAYCA	S513	AATGATACGGCGACCACCGAGATCTACAC	TCGACTAG	TCGTCGGCAGCGTCAGATGTGTATAAGAGACAG
B7	sxm_2018_50_B	N707	CAAGCAGAAGACGGCATACGAGAT	CTCTCTAC	GTCTCGTGGGCTCGGAGATGTGTATAAGAGACAG	GCYCCYGAYATRGCYTTYCC	NA	TCDGGRTGNCCRAARAAYCA	S515	AATGATACGGCGACCACCGAGATCTACAC	TTCTAGCT	TCGTCGGCAGCGTCAGATGTGTATAAGAGACAG
C7	sxm_2018_51_B	N707	CAAGCAGAAGACGGCATACGAGAT	CTCTCTAC	GTCTCGTGGGCTCGGAGATGTGTATAAGAGACAG	GCYCCYGAYATRGCYTTYCC	NA	TCDGGRTGNCCRAARAAYCA	S516	AATGATACGGCGACCACCGAGATCTACAC	CCTAGAGT	TCGTCGGCAGCGTCAGATGTGTATAAGAGACAG
D7	sxm_2018_52_B	N707	CAAGCAGAAGACGGCATACGAGAT	CTCTCTAC	GTCTCGTGGGCTCGGAGATGTGTATAAGAGACAG	GCYCCYGAYATRGCYTTYCC	NA	TCDGGRTGNCCRAARAAYCA	S517	AATGATACGGCGACCACCGAGATCTACAC	GCGTAAGA	TCGTCGGCAGCGTCAGATGTGTATAAGAGACAG
E7	sxm_2018_53_B	N707	CAAGCAGAAGACGGCATACGAGAT	CTCTCTAC	GTCTCGTGGGCTCGGAGATGTGTATAAGAGACAG	GCYCCYGAYATRGCYTTYCC	NA	TCDGGRTGNCCRAARAAYCA	S518	AATGATACGGCGACCACCGAGATCTACAC	CTATTAAG	TCGTCGGCAGCGTCAGATGTGTATAAGAGACAG
F7	sxm_2018_54_B	N707	CAAGCAGAAGACGGCATACGAGAT	CTCTCTAC	GTCTCGTGGGCTCGGAGATGTGTATAAGAGACAG	GCYCCYGAYATRGCYTTYCC	NA	TCDGGRTGNCCRAARAAYCA	S520	AATGATACGGCGACCACCGAGATCTACAC	AAGGCTAT	TCGTCGGCAGCGTCAGATGTGTATAAGAGACAG
G7	sxm_2018_55_B	N707	CAAGCAGAAGACGGCATACGAGAT	CTCTCTAC	GTCTCGTGGGCTCGGAGATGTGTATAAGAGACAG	GCYCCYGAYATRGCYTTYCC	NA	TCDGGRTGNCCRAARAAYCA	S521	AATGATACGGCGACCACCGAGATCTACAC	GAGCCTTA	TCGTCGGCAGCGTCAGATGTGTATAAGAGACAG
H7	sxm_2018_56_B	N707	CAAGCAGAAGACGGCATACGAGAT	CTCTCTAC	GTCTCGTGGGCTCGGAGATGTGTATAAGAGACAG	GCYCCYGAYATRGCYTTYCC	NA	TCDGGRTGNCCRAARAAYCA	S522	AATGATACGGCGACCACCGAGATCTACAC	TTATGCGA	TCGTCGGCAGCGTCAGATGTGTATAAGAGACAG
A8	sxm_2018_57_B	N710	CAAGCAGAAGACGGCATACGAGAT	CGAGGCTG	GTCTCGTGGGCTCGGAGATGTGTATAAGAGACAG	GCYCCYGAYATRGCYTTYCC	NA	TCDGGRTGNCCRAARAAYCA	S513	AATGATACGGCGACCACCGAGATCTACAC	TCGACTAG	TCGTCGGCAGCGTCAGATGTGTATAAGAGACAG
B8	sxm_2018_58_B	N710	CAAGCAGAAGACGGCATACGAGAT	CGAGGCTG	GTCTCGTGGGCTCGGAGATGTGTATAAGAGACAG	GCYCCYGAYATRGCYTTYCC	NA	TCDGGRTGNCCRAARAAYCA	S515	AATGATACGGCGACCACCGAGATCTACAC	TTCTAGCT	TCGTCGGCAGCGTCAGATGTGTATAAGAGACAG
C8	sxm_2018_59_B	N710	CAAGCAGAAGACGGCATACGAGAT	CGAGGCTG	GTCTCGTGGGCTCGGAGATGTGTATAAGAGACAG	GCYCCYGAYATRGCYTTYCC	NA	TCDGGRTGNCCRAARAAYCA	S516	AATGATACGGCGACCACCGAGATCTACAC	CCTAGAGT	TCGTCGGCAGCGTCAGATGTGTATAAGAGACAG
D8	sxm_2018_60_B	N710	CAAGCAGAAGACGGCATACGAGAT	CGAGGCTG	GTCTCGTGGGCTCGGAGATGTGTATAAGAGACAG	GCYCCYGAYATRGCYTTYCC	NA	TCDGGRTGNCCRAARAAYCA	S517	AATGATACGGCGACCACCGAGATCTACAC	GCGTAAGA	TCGTCGGCAGCGTCAGATGTGTATAAGAGACAG
E8	sxm_2018_61_B	N710	CAAGCAGAAGACGGCATACGAGAT	CGAGGCTG	GTCTCGTGGGCTCGGAGATGTGTATAAGAGACAG	GCYCCYGAYATRGCYTTYCC	NA	TCDGGRTGNCCRAARAAYCA	S518	AATGATACGGCGACCACCGAGATCTACAC	CTATTAAG	TCGTCGGCAGCGTCAGATGTGTATAAGAGACAG
F8	sxm_2018_62_B	N710	CAAGCAGAAGACGGCATACGAGAT	CGAGGCTG	GTCTCGTGGGCTCGGAGATGTGTATAAGAGACAG	GCYCCYGAYATRGCYTTYCC	NA	TCDGGRTGNCCRAARAAYCA	S520	AATGATACGGCGACCACCGAGATCTACAC	AAGGCTAT	TCGTCGGCAGCGTCAGATGTGTATAAGAGACAG
G8	sxm_2018_63_B	N710	CAAGCAGAAGACGGCATACGAGAT	CGAGGCTG	GTCTCGTGGGCTCGGAGATGTGTATAAGAGACAG	GCYCCYGAYATRGCYTTYCC	NA	TCDGGRTGNCCRAARAAYCA	S521	AATGATACGGCGACCACCGAGATCTACAC	GAGCCTTA	TCGTCGGCAGCGTCAGATGTGTATAAGAGACAG
H8	sxm_2018_64_B	N710	CAAGCAGAAGACGGCATACGAGAT	CGAGGCTG	GTCTCGTGGGCTCGGAGATGTGTATAAGAGACAG	GCYCCYGAYATRGCYTTYCC	NA	TCDGGRTGNCCRAARAAYCA	S522	AATGATACGGCGACCACCGAGATCTACAC	TTATGCGA	TCGTCGGCAGCGTCAGATGTGTATAAGAGACAG
A9	sxm_2018_65_B	N711	CAAGCAGAAGACGGCATACGAGAT	AAGAGGCA	GTCTCGTGGGCTCGGAGATGTGTATAAGAGACAG	GCYCCYGAYATRGCYTTYCC	NA	TCDGGRTGNCCRAARAAYCA	S513	AATGATACGGCGACCACCGAGATCTACAC	TCGACTAG	TCGTCGGCAGCGTCAGATGTGTATAAGAGACAG
B9	sxm_2018_66_B	N711	CAAGCAGAAGACGGCATACGAGAT	AAGAGGCA	GTCTCGTGGGCTCGGAGATGTGTATAAGAGACAG	GCYCCYGAYATRGCYTTYCC	NA	TCDGGRTGNCCRAARAAYCA	S515	AATGATACGGCGACCACCGAGATCTACAC	TTCTAGCT	TCGTCGGCAGCGTCAGATGTGTATAAGAGACAG
C9	sxm_2018_67_B	N711	CAAGCAGAAGACGGCATACGAGAT	AAGAGGCA	GTCTCGTGGGCTCGGAGATGTGTATAAGAGACAG	GCYCCYGAYATRGCYTTYCC	NA	TCDGGRTGNCCRAARAAYCA	S516	AATGATACGGCGACCACCGAGATCTACAC	CCTAGAGT	TCGTCGGCAGCGTCAGATGTGTATAAGAGACAG
D9	sxm_2018_68_B	N711	CAAGCAGAAGACGGCATACGAGAT	AAGAGGCA	GTCTCGTGGGCTCGGAGATGTGTATAAGAGACAG	GCYCCYGAYATRGCYTTYCC	NA	TCDGGRTGNCCRAARAAYCA	S517	AATGATACGGCGACCACCGAGATCTACAC	GCGTAAGA	TCGTCGGCAGCGTCAGATGTGTATAAGAGACAG
E9	sxm_2018_69_B	N711	CAAGCAGAAGACGGCATACGAGAT	AAGAGGCA	GTCTCGTGGGCTCGGAGATGTGTATAAGAGACAG	GCYCCYGAYATRGCYTTYCC	NA	TCDGGRTGNCCRAARAAYCA	S518	AATGATACGGCGACCACCGAGATCTACAC	CTATTAAG	TCGTCGGCAGCGTCAGATGTGTATAAGAGACAG
F9	sxm_2018_70_B	N711	CAAGCAGAAGACGGCATACGAGAT	AAGAGGCA	GTCTCGTGGGCTCGGAGATGTGTATAAGAGACAG	GCYCCYGAYATRGCYTTYCC	NA	TCDGGRTGNCCRAARAAYCA	S520	AATGATACGGCGACCACCGAGATCTACAC	AAGGCTAT	TCGTCGGCAGCGTCAGATGTGTATAAGAGACAG
G9	sxm_2018_71_B	N711	CAAGCAGAAGACGGCATACGAGAT	AAGAGGCA	GTCTCGTGGGCTCGGAGATGTGTATAAGAGACAG	GCYCCYGAYATRGCYTTYCC	NA	TCDGGRTGNCCRAARAAYCA	S521	AATGATACGGCGACCACCGAGATCTACAC	GAGCCTTA	TCGTCGGCAGCGTCAGATGTGTATAAGAGACAG
H9	sxm_2018_72_B	N711	CAAGCAGAAGACGGCATACGAGAT	AAGAGGCA	GTCTCGTGGGCTCGGAGATGTGTATAAGAGACAG	GCYCCYGAYATRGCYTTYCC	NA	TCDGGRTGNCCRAARAAYCA	S522	AATGATACGGCGACCACCGAGATCTACAC	TTATGCGA	TCGTCGGCAGCGTCAGATGTGTATAAGAGACAG
A10	509_B	N712	CAAGCAGAAGACGGCATACGAGAT	GTAGAGGA	GTCTCGTGGGCTCGGAGATGTGTATAAGAGACAG	GCYCCYGAYATRGCYTTYCC	NA	TCDGGRTGNCCRAARAAYCA	S513	AATGATACGGCGACCACCGAGATCTACAC	TCGACTAG	TCGTCGGCAGCGTCAGATGTGTATAAGAGACAG
B10	512_B	N712	CAAGCAGAAGACGGCATACGAGAT	GTAGAGGA	GTCTCGTGGGCTCGGAGATGTGTATAAGAGACAG	GCYCCYGAYATRGCYTTYCC	NA	TCDGGRTGNCCRAARAAYCA	S515	AATGATACGGCGACCACCGAGATCTACAC	TTCTAGCT	TCGTCGGCAGCGTCAGATGTGTATAAGAGACAG
C10	524_B	N712	CAAGCAGAAGACGGCATACGAGAT	GTAGAGGA	GTCTCGTGGGCTCGGAGATGTGTATAAGAGACAG	GCYCCYGAYATRGCYTTYCC	NA	TCDGGRTGNCCRAARAAYCA	S516	AATGATACGGCGACCACCGAGATCTACAC	CCTAGAGT	TCGTCGGCAGCGTCAGATGTGTATAAGAGACAG
D10	527_B	N712	CAAGCAGAAGACGGCATACGAGAT	GTAGAGGA	GTCTCGTGGGCTCGGAGATGTGTATAAGAGACAG	GCYCCYGAYATRGCYTTYCC	NA	TCDGGRTGNCCRAARAAYCA	S517	AATGATACGGCGACCACCGAGATCTACAC	GCGTAAGA	TCGTCGGCAGCGTCAGATGTGTATAAGAGACAG
E10	531_B	N712	CAAGCAGAAGACGGCATACGAGAT	GTAGAGGA	GTCTCGTGGGCTCGGAGATGTGTATAAGAGACAG	GCYCCYGAYATRGCYTTYCC	NA	TCDGGRTGNCCRAARAAYCA	S518	AATGATACGGCGACCACCGAGATCTACAC	CTATTAAG	TCGTCGGCAGCGTCAGATGTGTATAAGAGACAG
F10	535_B	N712	CAAGCAGAAGACGGCATACGAGAT	GTAGAGGA	GTCTCGTGGGCTCGGAGATGTGTATAAGAGACAG	GCYCCYGAYATRGCYTTYCC	NA	TCDGGRTGNCCRAARAAYCA	S520	AATGATACGGCGACCACCGAGATCTACAC	AAGGCTAT	TCGTCGGCAGCGTCAGATGTGTATAAGAGACAG
G10	539_B	N712	CAAGCAGAAGACGGCATACGAGAT	GTAGAGGA	GTCTCGTGGGCTCGGAGATGTGTATAAGAGACAG	GCYCCYGAYATRGCYTTYCC	NA	TCDGGRTGNCCRAARAAYCA	S521	AATGATACGGCGACCACCGAGATCTACAC	GAGCCTTA	TCGTCGGCAGCGTCAGATGTGTATAAGAGACAG
H10	543_B	N712	CAAGCAGAAGACGGCATACGAGAT	GTAGAGGA	GTCTCGTGGGCTCGGAGATGTGTATAAGAGACAG	GCYCCYGAYATRGCYTTYCC	NA	TCDGGRTGNCCRAARAAYCA	S522	AATGATACGGCGACCACCGAGATCTACAC	TTATGCGA	TCGTCGGCAGCGTCAGATGTGTATAAGAGACAG
A11	544_B	N714	CAAGCAGAAGACGGCATACGAGAT	GCTCATGA	GTCTCGTGGGCTCGGAGATGTGTATAAGAGACAG	GCYCCYGAYATRGCYTTYCC	NA	TCDGGRTGNCCRAARAAYCA	S513	AATGATACGGCGACCACCGAGATCTACAC	TCGACTAG	TCGTCGGCAGCGTCAGATGTGTATAAGAGACAG
B11	548_B	N714	CAAGCAGAAGACGGCATACGAGAT	GCTCATGA	GTCTCGTGGGCTCGGAGATGTGTATAAGAGACAG	GCYCCYGAYATRGCYTTYCC	NA	TCDGGRTGNCCRAARAAYCA	S515	AATGATACGGCGACCACCGAGATCTACAC	TTCTAGCT	TCGTCGGCAGCGTCAGATGTGTATAAGAGACAG
C11	549_B	N714	CAAGCAGAAGACGGCATACGAGAT	GCTCATGA	GTCTCGTGGGCTCGGAGATGTGTATAAGAGACAG	GCYCCYGAYATRGCYTTYCC	NA	TCDGGRTGNCCRAARAAYCA	S516	AATGATACGGCGACCACCGAGATCTACAC	CCTAGAGT	TCGTCGGCAGCGTCAGATGTGTATAAGAGACAG
D11	566_B	N714	CAAGCAGAAGACGGCATACGAGAT	GCTCATGA	GTCTCGTGGGCTCGGAGATGTGTATAAGAGACAG	GCYCCYGAYATRGCYTTYCC	NA	TCDGGRTGNCCRAARAAYCA	S517	AATGATACGGCGACCACCGAGATCTACAC	GCGTAAGA	TCGTCGGCAGCGTCAGATGTGTATAAGAGACAG
E11	567_B	N714	CAAGCAGAAGACGGCATACGAGAT	GCTCATGA	GTCTCGTGGGCTCGGAGATGTGTATAAGAGACAG	GCYCCYGAYATRGCYTTYCC	NA	TCDGGRTGNCCRAARAAYCA	S518	AATGATACGGCGACCACCGAGATCTACAC	CTATTAAG	TCGTCGGCAGCGTCAGATGTGTATAAGAGACAG
F11	1813_B	N714	CAAGCAGAAGACGGCATACGAGAT	GCTCATGA	GTCTCGTGGGCTCGGAGATGTGTATAAGAGACAG	GCYCCYGAYATRGCYTTYCC	NA	TCDGGRTGNCCRAARAAYCA	S520	AATGATACGGCGACCACCGAGATCTACAC	AAGGCTAT	TCGTCGGCAGCGTCAGATGTGTATAAGAGACAG
G11	1814_B	N714	CAAGCAGAAGACGGCATACGAGAT	GCTCATGA	GTCTCGTGGGCTCGGAGATGTGTATAAGAGACAG	GCYCCYGAYATRGCYTTYCC	NA	TCDGGRTGNCCRAARAAYCA	S521	AATGATACGGCGACCACCGAGATCTACAC	GAGCCTTA	TCGTCGGCAGCGTCAGATGTGTATAAGAGACAG
H11	1815_B	N714	CAAGCAGAAGACGGCATACGAGAT	GCTCATGA	GTCTCGTGGGCTCGGAGATGTGTATAAGAGACAG	GCYCCYGAYATRGCYTTYCC	NA	TCDGGRTGNCCRAARAAYCA	S522	AATGATACGGCGACCACCGAGATCTACAC	TTATGCGA	TCGTCGGCAGCGTCAGATGTGTATAAGAGACAG
A12	1816_B	N715	CAAGCAGAAGACGGCATACGAGAT	ATCTCAGG	GTCTCGTGGGCTCGGAGATGTGTATAAGAGACAG	GCYCCYGAYATRGCYTTYCC	NA	TCDGGRTGNCCRAARAAYCA	S513	AATGATACGGCGACCACCGAGATCTACAC	TCGACTAG	TCGTCGGCAGCGTCAGATGTGTATAAGAGACAG
B12	1820_B	N715	CAAGCAGAAGACGGCATACGAGAT	ATCTCAGG	GTCTCGTGGGCTCGGAGATGTGTATAAGAGACAG	GCYCCYGAYATRGCYTTYCC	NA	TCDGGRTGNCCRAARAAYCA	S515	AATGATACGGCGACCACCGAGATCTACAC	TTCTAGCT	TCGTCGGCAGCGTCAGATGTGTATAAGAGACAG
C12	1821_B	N715	CAAGCAGAAGACGGCATACGAGAT	ATCTCAGG	GTCTCGTGGGCTCGGAGATGTGTATAAGAGACAG	GCYCCYGAYATRGCYTTYCC	NA	TCDGGRTGNCCRAARAAYCA	S516	AATGATACGGCGACCACCGAGATCTACAC	CCTAGAGT	TCGTCGGCAGCGTCAGATGTGTATAAGAGACAG
D12	1825_B	N715	CAAGCAGAAGACGGCATACGAGAT	ATCTCAGG	GTCTCGTGGGCTCGGAGATGTGTATAAGAGACAG	GCYCCYGAYATRGCYTTYCC	NA	TCDGGRTGNCCRAARAAYCA	S517	AATGATACGGCGACCACCGAGATCTACAC	GCGTAAGA	TCGTCGGCAGCGTCAGATGTGTATAAGAGACAG
E12	1826_B	N715	CAAGCAGAAGACGGCATACGAGAT	ATCTCAGG	GTCTCGTGGGCTCGGAGATGTGTATAAGAGACAG	GCYCCYGAYATRGCYTTYCC	NA	TCDGGRTGNCCRAARAAYCA	S518	AATGATACGGCGACCACCGAGATCTACAC	CTATTAAG	TCGTCGGCAGCGTCAGATGTGTATAAGAGACAG
F12	unicon1_B	N715	CAAGCAGAAGACGGCATACGAGAT	ATCTCAGG	GTCTCGTGGGCTCGGAGATGTGTATAAGAGACAG	GCYCCYGAYATRGCYTTYCC	NA	TCDGGRTGNCCRAARAAYCA	S520	AATGATACGGCGACCACCGAGATCTACAC	AAGGCTAT	TCGTCGGCAGCGTCAGATGTGTATAAGAGACAG
G12	neg_controle_B	N715	CAAGCAGAAGACGGCATACGAGAT	ATCTCAGG	GTCTCGTGGGCTCGGAGATGTGTATAAGAGACAG	GCYCCYGAYATRGCYTTYCC	NA	TCDGGRTGNCCRAARAAYCA	S521	AATGATACGGCGACCACCGAGATCTACAC	GAGCCTTA	TCGTCGGCAGCGTCAGATGTGTATAAGAGACAG
H12	0_B	N715	CAAGCAGAAGACGGCATACGAGAT	ATCTCAGG	GTCTCGTGGGCTCGGAGATGTGTATAAGAGACAG	GCYCCYGAYATRGCYTTYCC	NA	TCDGGRTGNCCRAARAAYCA	S522	AATGATACGGCGACCACCGAGATCTACAC	TTATGCGA	TCGTCGGCAGCGTCAGATGTGTATAAGAGACAG
